https://store.musinsa.com/app/goods/1795629,https://ifh.cc/g/f6DoZf     ,쿠어,오버핏 울 가디건 (블랙),Black,S,cw,gadigun,1
https://store.musinsa.com/app/goods/1272812,https://ifh.cc/g/vYzdw1      ,마크 곤잘레스,엔젤 와펜 가디건 블랙,Black,S,cw,gadigun,2
https://store.musinsa.com/app/goods/1795635,https://ifh.cc/g/TNDqu0     ,쿠어,오버핏 울 가디건 (웜샌드),rose brown,"S,M,L",ws / wf,gadigun,3
https://www.naver.com/,https://ifh.cc/g/3Jrs1v      ,아미,체인스티치 하트 로고 메리노 울 카디건 - 블랙 / BFHK305001001,Black,S,cw,gadigun,4
https://store.musinsa.com/app/goods/1565497,https://ifh.cc/g/fa0NXj       ,마크 곤잘레스,엔젤 와펜 가디건 그레이,Light Slate Gray,S,cw,gadigun,5
https://www.naver.com/,https://ifh.cc/g/XwDo1Q     ,아미,21FW 체인스티치 하트 로고 메리노 울 카디건 - 헤더 그레이 / A21HK305001055,Dark Slate Gray,S,cw,gadigun,6
https://store.musinsa.com/app/goods/1272813,https://ifh.cc/g/jhwhdW     ,마크 곤잘레스,엔젤 와펜 가디건 아이보리,Linen,"S,M,L",ws,gadigun,7
https://store.musinsa.com/app/goods/2065187,https://ifh.cc/g/LyxuOL    ,디스이즈네버댓,Chain Zip Up Polo Navy,Dark Slate Gray,M,cw,gadigun,8
https://store.musinsa.com/app/goods/1149131,https://ifh.cc/g/p1ZnBA ,블론드나인,베이직 니트 가디건_블랙,Black,M,cw,gadigun,9
https://store.musinsa.com/app/goods/2052961,https://ifh.cc/g/TQwTNJ  ,라코스테,남성 베이직 케이블 가디건 AH889E-51N 166,Black,M,cw,gadigun,10
https://store.musinsa.com/app/goods/1795633,https://ifh.cc/g/iBbzTO    ,쿠어,오버핏 울 가디건 (모카),rose brown,"S,M,L",ws / wf,gadigun,11
https://store.musinsa.com/app/goods/1132042,https://ifh.cc/g/4Bq30v ,비욘드클로젯,ILP 시그니쳐 와펜 라운드 울 가디건 네이비,Black,M,cw,gadigun,12
https://store.musinsa.com/app/goods/2065623,https://ifh.cc/g/hdn3WJ    ,마크 곤잘레스,빅 엔젤 아이비 가디건 인디고 블루,midnight blue,"L,XXL",cs / cw,gadigun,13
https://store.musinsa.com/app/goods/1795634,https://ifh.cc/g/roAObD  ,쿠어,오버핏 울 가디건 (그레이),Gray,L,cw,gadigun,14
https://store.musinsa.com/app/goods/1132041,https://ifh.cc/g/Xi18t2    ,비욘드클로젯,ILP 시그니쳐 와펜 라운드 울 가디건 그레이,Gray,L,cw,gadigun,15
https://store.musinsa.com/app/goods/1149138,https://ifh.cc/g/IQyfX8  ,블론드나인,베이직 니트 가디건_모카,rose brown,"S,M,L",ws / wf,gadigun,16
https://store.musinsa.com/app/goods/2043307,https://ifh.cc/g/gyvyTV     ,타미진스,집업 크롭 가디건 (T32B7KCD45TWT2C87),midnight blue,"L,XXL",cs / cw,gadigun,17
https://store.musinsa.com/app/goods/1604877,https://ifh.cc/g/rHBWmx    ,그레이버,[UNISEX]플라워도트 자수 니트 가디건_블랙,Black,L,cw,gadigun,18
https://www.naver.com/,https://ifh.cc/g/AUMj4n    ,제로,Concise Round Neck Cardigan [Beige],rose brown,"XL,XXL",ws / wf,gadigun,19
https://www.naver.com/,https://ifh.cc/g/l2m0Gn     ,비욘드클로젯,노맨틱 하이 클래식 썸머 가디건 네이비,midnight blue,XL,cs / cw,gadigun,20
https://www.naver.com/,https://ifh.cc/g/defk0I   ,로맨틱크라운,벌룬 슬리브 니트 가디건_네이비,midnight blue,XL,cs / cw,gadigun,21
https://store.musinsa.com/app/goods/1696834,https://ifh.cc/g/BHYbmK    ,후아유,스티브 R넥 가디건 WHCKB1114F,Bisque,"XL,XXL",wf,gadigun,22
https://www.naver.com/,https://ifh.cc/g/5n2DS9  ,제로,Concise Round Neck Cardigan [Black],Black,XL,cw,gadigun,23
https://store.musinsa.com/app/goods/2054271,https://ifh.cc/g/pKG2Fj   ,엠엠지엘,울 카라 가디건 (멜란지 베이지),rose brown,"XL,XXL",ws / wf,gadigun,24
https://www.naver.com/,https://ifh.cc/g/JzQDH3   ,그레이버,[UNISEX]레드 플라워 스마일 자수 니트 가디건_블랙,Black,XXL,cw,gadigun,25
https://store.musinsa.com/app/goods/1111278,https://ifh.cc/g/4eid7F    ,비욘드클로젯,노맨틱 베이직 로고 울 가디건 블랙,Black,XXL,cw,gadigun,26
https://store.musinsa.com/app/goods/2065620,https://ifh.cc/g/jChLmI   ,마크 곤잘레스,빅 엔젤 아이비 가디건 그레이,dark gray,"L,XXL",cs,gadigun,27
https://store.musinsa.com/app/goods/2055755,https://ifh.cc/g/tvC9VW   ,유니폼브릿지,no collar 4pocket jacket black,Black,XXL,cw,gadigun,28
https://www.naver.com/,https://ifh.cc/g/dQFQhP     ,제로,Concise Round Neck Cardigan [Charcoal],Black,XXL,cw,gadigun,29
https://store.musinsa.com/app/goods/2018568,https://ifh.cc/g/krkCE4     ,아미,21FW 체인스티치 빅하트 로고 카디건 - 블랙 / A21HK303016001,Black,XXL,cw,gadigun,30
