https://www.naver.com/,https://ifh.cc/g/n5SCfL.jpg,마크 곤잘레스,스몰 엔젤 프린팅 후디 블랙,Black,S,cw,hoodteeds,1
https://www.naver.com/,https://ifh.cc/g/ZFo149.jpg,마크 곤잘레스,스몰 엔젤 프린팅 후디 그레이,dark gray,S,cs,hoodteeds,2
https://store.musinsa.com/app/goods/1583547,https://ifh.cc/g/4k6atq.jpg,예스아이씨,Arch Logo Hoodie Navy,midnight blue,S,"cs,cw",hoodteeds,3
https://store.musinsa.com/app/goods/1628385,https://ifh.cc/g/U5PLo2.jpg,예일,2 TONE ARCH HOODIE GRAY,dark gray,S,cs,hoodteeds,4
https://store.musinsa.com/app/goods/1752682,https://ifh.cc/g/Lm9xsL.jpg,마크 곤잘레스,프렌즈 드로잉 후드 블랙,Black,S,cw,hoodteeds,5
https://store.musinsa.com/app/goods/705441,https://ifh.cc/g/yttCIx.jpg,커버낫,어센틱 로고 후디 그레이,dark gray,S,cs,hoodteeds,6
https://www.naver.com/,https://ifh.cc/g/gONdEn.jpg,디스이즈네버댓,NEW ARC Hooded Sweatshirt Black,Black,S,cw,hoodteeds,7
https://store.musinsa.com/app/goods/681070,https://ifh.cc/g/PBjwXx.jpg,커버낫,어센틱 로고 후디 블랙,Black,S,cw,hoodteeds,8
https://store.musinsa.com/app/goods/705434,https://ifh.cc/g/NGvnps.jpg,커버낫,어센틱 로고 후디 집업 그레이,dark gray,M,cs,hoodteeds,9
https://store.musinsa.com/app/goods/1794054,https://ifh.cc/g/vIilol.jpg,마크 곤잘레스,아플리케 투톤 아치로고 후드 그레이,dark gray,M,cs,hoodteeds,10
https://store.musinsa.com/app/goods/1938422,https://ifh.cc/g/K0To6w.jpg,오베이,(112842601) 오쥐 박스핏 프리미엄 후드티 BLK,a faint gray,M,cw,hoodteeds,11
https://store.musinsa.com/app/goods/1837996,https://ifh.cc/g/g6rAIL.jpg,라이프워크,라독 빅로고 후드_BLACK,Black,M,cw,hoodteeds,12
https://store.musinsa.com/app/goods/1752683,https://ifh.cc/g/SQX1kT.jpg,마크 곤잘레스,프렌즈 드로잉 후드 그레이,Bright gray,M,cs,hoodteeds,13
https://www.naver.com/,https://ifh.cc/g/nIQMIy.jpg,디스이즈네버댓,NEW ARC Hooded Sweatshirt Dark Navy,Dark blue,M,"cs,cw",hoodteeds,14
https://store.musinsa.com/app/goods/1742445,https://ifh.cc/g/VdVWiU.jpg,마크 곤잘레스,젤리엔젤 후드 네이비,the senior service,M,"cs,cw",hoodteeds,15
https://www.naver.com/,https://ifh.cc/g/F9DuSK.jpg,디스이즈네버댓,NEW ARC Hooded Sweatshirt Heather Grey,dark gray,M,cs,hoodteeds,16
https://store.musinsa.com/app/goods/1676082,https://ifh.cc/g/srGvzT.jpg,어반스터프,아크 로고 후디 (그레이),dark gray,"L,XXL",cs,hoodteeds,17
https://store.musinsa.com/app/goods/1548935,https://ifh.cc/g/7s9hjr.jpg,노매뉴얼,3T ARCH LOGO HOODIE - OATMEAL MELANGE,White,L,cw,hoodteeds,18
https://store.musinsa.com/app/goods/1772395,https://ifh.cc/g/lAb3nu.jpg,마크 곤잘레스,투톤 아치로고 후드 그레이,dark gray,"L,XXL",cs,hoodteeds,19
https://store.musinsa.com/app/goods/1548934,https://ifh.cc/g/vjHgdl.jpg,노매뉴얼,3T ARCH LOGO HOODIE - BLACK,Black,L,cw,hoodteeds,20
https://store.musinsa.com/app/goods/1811627,https://ifh.cc/g/6DkfBF.jpg,예스아이씨,Arch Logo Hoodie Charcoal,a faint gray,L,cw,hoodteeds,21
https://store.musinsa.com/app/goods/1659858,https://ifh.cc/g/92pD4v.jpg,선데이오프클럽,Bloodthirster Hoodie - White,Linen,"S,M,L",ws,hoodteeds,22
https://www.naver.com/,https://ifh.cc/g/o6GQhF.jpg,커버낫,C 로고 후디 머스타드,Orange,"S,M,L",ws,hoodteeds,23
https://store.musinsa.com/app/goods/2048734,https://ifh.cc/g/zrX8Ao.jpg,엘엠씨,LMC OG HOODIE black,Black,L,cw,hoodteeds,24
https://store.musinsa.com/app/goods/1772398,https://ifh.cc/g/eLM6Ul.jpg,마크 곤잘레스,엔젤 와펜 배색 후드 오트밀,White,XL,cw,hoodteeds,25
https://www.naver.com/,https://ifh.cc/g/VLkpqh.png,5252 바이 오아이오아이,2020 SIGNATURE HOODIE_cream,Old Race,"XL,XXL",ws,hoodteeds,26
https://www.naver.com/,https://ifh.cc/g/6nQewN.jpg,예스아이씨,Arch Logo Hoodie Yellow,Orange,"XL,XXL",ws,hoodteeds,27
https://store.musinsa.com/app/goods/1861939,https://ifh.cc/g/MzuFBL.jpg,프리즘웍스,OG PIGMENT DYEING HOODY 002 _ BEIGE,Floral White,"XL,XXL",ws,hoodteeds,28
https://www.naver.com/,https://ifh.cc/g/BZpW6x,예스아이씨,Y.E.S Layered Hoodie Light Grey,White,XL,cw,hoodteeds,29
https://www.naver.com/,https://ifh.cc/g/c30ppe.png,5252 바이 오아이오아이,2020 SIGNATURE HOODIE_lemon,light yellow,"XL,XXL","ws,wf",hoodteeds,30
https://store.musinsa.com/app/goods/1760713,https://ifh.cc/g/nTQ24m.jpg,마크 곤잘레스,부클 빅사인로고 후드 블랙,Black,XL,cw,hoodteeds,31
https://store.musinsa.com/app/goods/1742320,https://ifh.cc/g/K7kwTf.jpg,마하그리드,COLLEGE LOGO HOODIE BLACK(MG2BSMM401A),Black,XL,cw,hoodteeds,32
https://www.naver.com/,https://ifh.cc/g/BZvQdk.jpg,디스이즈네버댓,NEW ARC Hooded Sweatshirt Marigold,Dark orange,"XL,XXL",ws,hoodteeds,33
https://store.musinsa.com/app/goods/1850677,https://ifh.cc/g/VKMgUh.jpg,알디브이제트,야미플라워 후드 그레이,dark gray,"L,XXL",cs,hoodteeds,34
https://store.musinsa.com/app/goods/1272742,https://ifh.cc/g/sBI1bP.jpg,마크 곤잘레스,스몰 사인 로고 후디 살몬,rose brown,"XL,XXL","ws,wf",hoodteeds,35
https://store.musinsa.com/app/goods/1752760,https://ifh.cc/g/4q4VDH.jpg,마크 곤잘레스,스몰 사인 로고 후드 올리브,Dark Olive Green,"XL,XXL",wf,hoodteeds,36
https://store.musinsa.com/app/goods/947495,https://ifh.cc/g/53BIEA.jpg,커버낫,어센틱 로고 후디 네이비,midnight blue,XXL,"cs,cw",hoodteeds,37
https://store.musinsa.com/app/goods/1552062,https://ifh.cc/g/onjMOx.jpg,내셔널지오그래픽,N204UHD980 레터링 세미 오버핏 후드 티셔츠 C BLACK,Black,XXL,cw,hoodteeds,38
https://store.musinsa.com/app/goods/1772396,https://ifh.cc/g/2SRQ6y.jpg,마크 곤잘레스,투톤 아치로고 후드 네이비,Dark Slate Gray,XXL,cw,hoodteeds,39
