https://store.musinsa.com/app/goods/1576565,https://ifh.cc/g/KxjKOB.jpg,커버낫,스몰 어센틱 로고 후디 집업 그레이,dark gray,S,cs,hoodzipup,1
https://store.musinsa.com/app/goods/2081311,https://ifh.cc/g/NZdfbS.jpg,예일,YALE ARCH HOODIE ZIP GRAY,dark gray,S,cs,hoodzipup,2
https://store.musinsa.com/app/goods/1280576,https://ifh.cc/g/dA0EaL.jpg,파르티멘토,코드 후드 집업 자켓 스모크 그레이,dark gray,S,cs,hoodzipup,3
https://store.musinsa.com/app/goods/2032007,https://ifh.cc/g/2nxjbv.jpg,후아유,오버핏 스티브 후드집업 WHMZB3881U,Old Race,"S,M,L",ws,hoodzipup,4
https://store.musinsa.com/app/goods/2081312,https://ifh.cc/g/MMQtET.jpg,예일,YALE ARCH HOODIE ZIP NAVY,midnight blue,S,cs / cw,hoodzipup,5
https://store.musinsa.com/app/goods/1788019,https://ifh.cc/g/6smJl7.jpg,파르티멘토,[블랙 워치] 코드 후드 집업 자켓,Dark Slate Gray,S,cw,hoodzipup,6
https://store.musinsa.com/app/goods/1595130,https://ifh.cc/g/7QvTBc.jpg,디스이즈네버댓,CNP Zip Up Sweat Burgundy,a fire brick,"S,M,L",wf,hoodzipup,7
https://www.naver.com/,https://ifh.cc/g/FuTwcf.jpg,칼하트,[100632] 러틀랜드 써멀후드집업 네이비,midnight blue,M,cs / cw,hoodzipup,8
https://store.musinsa.com/app/goods/1752260,https://ifh.cc/g/OYYte7.jpg,디스커버리 익스페디션,러버스 로고그래픽 후드집업 (ORANGE),a dark golden bar,"S,M,L",wf,hoodzipup,9
https://www.naver.com/,https://ifh.cc/g/RFqzOr.jpg,위캔더스,DISTRESSED DENIM HOOD ZIPUP (L.DENIM),Powder Blue,M,cs,hoodzipup,10
https://www.naver.com/,https://ifh.cc/g/9RRszq.jpg,디스이즈네버댓,CNP Zip Up Sweat Black,Black,M,cw,hoodzipup,11
https://store.musinsa.com/app/goods/1615952,https://ifh.cc/g/rhuh0k.jpg,나이키,보이즈 NSW 클럽 후드 풀집업 BV3699_010,Black,M,cw,hoodzipup,12
https://store.musinsa.com/app/goods/1653890,https://ifh.cc/g/X3rH0H.jpg,로맨틱크라운,LIFE IS ROMANTIC HOODIE ZIP UP_BLACK,Black,L,cw,hoodzipup,13
https://store.musinsa.com/app/goods/1280570,https://ifh.cc/g/3gQeHC.jpg,파르티멘토,코드 후드 집업 자켓 블랙,Black,L,cw,hoodzipup,14
https://store.musinsa.com/app/goods/1857483,https://ifh.cc/g/LXvsaE.jpg,챔피온,[US] Powerblend C로고 기모 후드집업 (LIGHT GRAY) CKTS1E716G1,white smoke,"L,XXL",cs,hoodzipup,15
https://store.musinsa.com/app/goods/1812439,https://ifh.cc/g/wIhNs7.jpg,널디,(21SS) 엔와이 후디드 집업 크림,Linen,"S,M,L",ws,hoodzipup,16
https://www.naver.com/,https://ifh.cc/g/S1TVvE.jpg,나이키,남성 NSW 클럽 FT 후드 풀집업 BV2648-010,Black,L,cw,hoodzipup,17
https://www.naver.com/,https://ifh.cc/g/NQsTUt.jpg',디스이즈네버댓,SP Raglan Zip Up Sweat Olive,dark khaki,"S,M,L",wf,hoodzipup,18
https://www.naver.com/,https://ifh.cc/g/aFAAsV.jpg,예일,BLACK DENIM ZIP PARKA,Black,XL,cw,hoodzipup,19
https://store.musinsa.com/app/goods/1146458,https://ifh.cc/g/wp0yFO.jpg,유니폼브릿지,zip up hoodie grey,dark gray,XL,cs,hoodzipup,20
https://store.musinsa.com/app/goods/1924215,https://ifh.cc/g/Z17Mkb.jpg,슬로우포크,Standard Zip-up Hoodie -W.Melange-,white smoke,XL,cs,hoodzipup,21
https://www.naver.com/,https://ifh.cc/g/fYh0wl.jpg,디스이즈네버댓,CNP Zip Up Sweat Slate,skyblue,XL,cs,hoodzipup,22
https://www.naver.com/,https://ifh.cc/g/lbv2st.jpg,노매뉴얼,C.S HOODED ZIP UP JACKET - WHITE MELANGE,White,XL,cw,hoodzipup,23
https://www.naver.com/,https://ifh.cc/g/zR5Cdh.jpg,디스이즈네버댓,SP Raglan Zip Up Sweat Dark Blue,Royal Blue,XL,cw,hoodzipup,24
https://store.musinsa.com/app/goods/1742451,https://ifh.cc/g/CORKo7.jpg,마크 곤잘레스,엔젤 와펜 집업 후드 실버그린,dark khaki,"XL,XXL",wf,hoodzipup,25
https://store.musinsa.com/app/goods/1753861,https://ifh.cc/g/KG7041.jpg,커버낫,스몰 어센틱 로고 후디 집업 오트밀,Linen,XXL,ws,hoodzipup,26
https://store.musinsa.com/app/goods/1953865,https://ifh.cc/g/tjiok5.jpg,슬로우애시드,[테디아일랜드X슬로우애시드] 테디패치 후드집업 [멜란지그레이],dark gray,"L,XXL",cs,hoodzipup,27
https://store.musinsa.com/app/goods/1582633,https://ifh.cc/g/S6UUD6.jpg,파르티멘토,코드 후드 집업 자켓 카키,dark khaki,"XL,XXL",wf,hoodzipup,28
https://store.musinsa.com/app/goods/1753862,https://ifh.cc/g/oAwxZM.jpg,커버낫,스몰 어센틱 로고 후디 집업 피그먼트오렌지,Sandy Brown,"XL,XXL",ws,hoodzipup,29
https://store.musinsa.com/app/goods/1589484,https://ifh.cc/g/ylRrjE.png,5252 바이 오아이오아이,AUTHENTIC LOGO HOOD ZIPUP_black,Black,XXL,cw,hoodzipup,30
https://www.naver.com/,https://ifh.cc/g/EfJsLc.jpg,디스이즈네버댓,SP Raglan Zip Up Sweat Black,Black,XXL,cw,hoodzipup,31
