https://store.musinsa.com/app/goods/1576682,https://ifh.cc/g/rkdx8g.jpg,도프제이슨,오버핏 램스킨 싱글 자켓,Black,S,cw,jacket,1
https://store.musinsa.com/app/goods/1969903,https://ifh.cc/g/7AGQTs.jpg,노스페이스,OA3BM01A_팀코리아 스터닝 아노락,Black,S,cw,jacket,2
https://store.musinsa.com/app/goods/1757071,https://ifh.cc/g/9dFnYc.jpg,노스페이스,NA4HM02L_화이트라벨 뉴 달톤 아노락,white smoke,S,cs,jacket,3
https://store.musinsa.com/app/goods/1593755,https://ifh.cc/g/S2DyUD.jpg' border,파르티멘토,[비건 레더] 필드 자켓 블랙,Black,S,cw,jacket,4
https://www.naver.com/,https://ifh.cc/g/i7mDxQ.jpg,노스페이스,NJ4HM01J_화이트라벨 스팁 자켓,Black,S,cw,jacket,5
https://www.naver.com/,https://ifh.cc/g/7XDrvf.jpg',노스페이스,NJ4HM50J 화이트라벨 닐턴 자켓,Black,S,cw,jacket,6
https://store.musinsa.com/app/goods/1837264,https://ifh.cc/g/h4hSBu.jpg,노스페이스,NJ3LM01C_남성 TNF 필드 자켓,white smoke,M,cs,jacket,7
https://store.musinsa.com/app/goods/1765496,https://ifh.cc/g/Amp4BX,하덱스,메탈 나일론 트랙자켓 그레이,dark gray,M,cs,jacket,8
https://www.naver.com/,https://ifh.cc/g/iWUPDV,5.11택티컬,[5.11 택티컬] 사브레 소프트쉘 자켓 2.0 (코요테),yellowish brown,"S,M,L",wf,jacket,9
https://store.musinsa.com/app/goods/821838,https://ifh.cc/g/z7GbWw,알파 인더스트리,L-2B 스카우트 Black,Black,M,cw,jacket,10
https://www.naver.com/,https://ifh.cc/g/INQErs,엘엠씨,LMC OVERSIZED ZIP UP SWEAT JACKET heather gray,Lavender,M,cs,jacket,11
https://www.naver.com/,https://ifh.cc/g/8axztG,에스피오나지,US Chemical Over Jacket Black,Black,M,cw,jacket,12
https://store.musinsa.com/app/goods/2055708,https://ifh.cc/g/SY2CWJ,유니폼브릿지,fishtail short jacket khaki,Dark Olive Green,"S,M,L",wf,jacket,13
https://store.musinsa.com/app/goods/1764887,https://ifh.cc/g/NMHNo5,유니폼브릿지,fishtail short jacket black,Black,L,cw,jacket,14
https://store.musinsa.com/app/goods/1576739,https://ifh.cc/g/c443VN,커버낫,[셀럽아우터] M65 피쉬테일 파카 블랙,Black,L,cw,jacket,15
https://store.musinsa.com/app/goods/1697023,https://ifh.cc/g/CujOw7,나이키,에센셜 스우시 바람막이 자켓 CU5359-010,Black,L,cw,jacket,16
https://www.naver.com/,https://ifh.cc/g/cOZcB4,디스이즈네버댓,GORE-TEX Paclite Jacket Charcoalx,a faint gray,L,cw,jacket,17
https://store.musinsa.com/app/goods/1798951,https://ifh.cc/g/wdtEeO,널디,[21SS] 엔와이 트랙 탑 크림,Linen,"S,M,L",ws,jacket,18
https://store.musinsa.com/app/goods/1338501,https://ifh.cc/g/xayQTu,유니폼브릿지,army training jacket black,Black,XL,cw,jacket,19
https://www.naver.com/,https://ifh.cc/g/sl1m6t,디스이즈네버댓,GORE-TEX Paclite Jacket Charcoal,a faint gray,XL,cw,jacket,20
https://store.musinsa.com/app/goods/2043920,https://ifh.cc/g/c6jSju,노스페이스,NJ4HM52J 화이트라벨 비란 자켓,Black,XL,cw,jacket,21
https://www.naver.com/,https://ifh.cc/g/tTmnnr,폴로 랄프 로렌,CP-93 리미티드 에디션 풀오버-앤틱크림멀티[MNPOOTW16010151],Ghost White,XL,cw,jacket,22
https://store.musinsa.com/app/goods/2053209,https://ifh.cc/g/YthFII,타미진스,인디고 데님 셔츠 자켓 (T32B6NJC35TMT11A5),dark turquoise,"XL,XXL",wf,jacket,23
https://store.musinsa.com/app/goods/1742473,https://ifh.cc/g/sEdEc0,코드그라피,유틸리티 하드쉘 마운틴 자켓_그레이,Light Slate Gray,XL,cw,jacket,24
https://store.musinsa.com/app/goods/1868058,https://ifh.cc/g/OLgSOR,인스턴트펑크,21SS Ms 히든 더블 체크 블레이저 - 네이비,Dark Slate Gray,XXL,cw,jacket,25
https://store.musinsa.com/app/goods/2055708,https://ifh.cc/g/Iqoxnc,유니폼브릿지,fishtail short jacket khaki,Dark Olive Green,"XL,XXL",wf,jacket,26
https://store.musinsa.com/app/goods/401149,https://ifh.cc/g/cJdQlM,파르티멘토,피치스킨 트윌 자켓 블랙,Black,XXL,cw,jacket,27
https://store.musinsa.com/app/goods/1791878,https://ifh.cc/g/vGwpL7,디스이즈네버댓,Trucker Jacket Grey (JQD),a faint gray,XXL,cw,jacket,28
https://store.musinsa.com/app/goods/2038605,https://ifh.cc/g/xoloDI.jpg,엄브로,일루전 후드 아노락 블랙 (UM321CWT81),Black,XXL,cw,jacket,29
https://store.musinsa.com/app/goods/1852832,https://ifh.cc/g/rPP44Y,영월정션,아니카 클럽 베이스볼 자켓 2021,Black,XXL,cw,jacket,30
