https://store.musinsa.com/app/goods/1548457,https://ifh.cc/g/Aqy9tM.jpg ,쿠어,탑필 울 라운드 니트 (웜샌드),Floral White,"S,M,L",ws,knit,1
https://store.musinsa.com/app/goods/1620237,https://ifh.cc/g/m7oWfp.jpg ,폴로 랄프 로렌,케이블니트 코튼 스웨터 - 블루,midnight blue,S,"cs,cw",knit,2
https://store.musinsa.com/app/goods/1548435,https://ifh.cc/g/dU56DW.jpg ,쿠어,탑필 울 라운드 니트 (블랙),Black,S,cw,knit,3
https://store.musinsa.com/app/goods/2009070 ,https://ifh.cc/g/MHspX6.jpg ,아미,21SS 하트 인타르시아 오버사이즈 울 스웨터 - 네이비,midnight blue,S,"cs,cw",knit,4
https://store.musinsa.com/app/goods/1548451 ,https://ifh.cc/g/YU4N5K.jpg ,쿠어,탑필 울 라운드 니트 (블루그레이),Light Slate Gray,S,cw,knit,5
https://store.musinsa.com/app/goods/2018558 ,https://ifh.cc/g/WbedRA.jpg ,아미,21FW 체스트 하트 로고 니트 - 헤더 그레이 / A21,a faint gray,S,cw,knit,6
https://store.musinsa.com/app/goods/1548467 ,https://ifh.cc/g/6hdYCF.jpg ,쿠어,탑필 캐시미어 라운드 니트 (블랙),Black,M,cw,knit,7
https://store.musinsa.com/app/goods/2018567 ,https://ifh.cc/g/vZDAQY.jpg ,아미,21FW 체인스티치 하트 오버사이즈 스웨터 - 네이비 /,midnight blue,M,"cs,cw",knit,8
https://store.musinsa.com/app/goods/2065629 ,https://ifh.cc/g/IU6pBm.jpg ,마크 곤잘레스,엔젤 클래식 브이넥 니트 아이보리,white smoke,M,cs,knit,9
https://www.naver.com/,https://ifh.cc/g/fLPdyz.jpg,인스턴트펑크,21FW 슬림 니트 집업 - 그레이,dark gray,M,cs,knit,10
https://www.naver.com/,https://ifh.cc/g/JzbEg9.jpg,아미,21FW 오버사이즈 스웨터 - 블랙 / A21HK00901,Black,M,cw,knit,11
https://store.musinsa.com/app/goods/2065630 ,https://ifh.cc/g/PqmQ6T.jpg ,마크 곤잘레스,엔젤 클래식 브이넥 니트 인디고 블루,midnight blue,M,"cs,cw",knit,12
https://store.musinsa.com/app/goods/2068394 ,https://ifh.cc/g/lWWWlv.jpg ,인스턴트펑크,21FW 슬림 니트 집업 - 핑크,Light purple red,"S,M,L",ws,knit,13
https://store.musinsa.com/app/goods/1548491 ,https://ifh.cc/g/Zwbb9R.jpg ,쿠어,탑필 캐시미어 라운드 니트 (크림),Ghost White,L,cw,knit,14
https://store.musinsa.com/app/goods/1548459 ,https://ifh.cc/g/HpvnYD.jpg ,쿠어,탑필 울 라운드 니트 (크림),Ghost White,L,cw,knit,15
https://store.musinsa.com/app/goods/1548480 ,https://ifh.cc/g/QONsLb.jpg ,쿠어,탑필 캐시미어 라운드 니트 (블루그레이),Light Steel Blue,"L,XXL",cs,knit,16
https://store.musinsa.com/app/goods/2009065 ,https://ifh.cc/g/qFBw26.jpg ,아미,21SS 체인스티치 하트 로고 메리노 울 니트 - 베이지,Floral White,"S,M,L",ws,knit,17
https://store.musinsa.com/app/goods/1548486 ,https://ifh.cc/g/tbsBrl.jpg ,쿠어,탑필 캐시미어 라운드 니트 (그레이시더스티그린),Dark sea green,"S,M,L",ws,knit,18
https://store.musinsa.com/app/goods/2011708 ,https://ifh.cc/g/gLyT7J.jpg ,메종 키츠네,공용 트리컬러 폭스 패치 클래식 라운드 넥 니트 - 블랙,Black,XL,cw,knit,19
https://store.musinsa.com/app/goods/2032983 ,https://ifh.cc/g/oKKcPk.jpg ,세터,이비자_네츄럴 메시드니트_블루,Light Steel Blue,XL,cs,knit,20
https://store.musinsa.com/app/goods/1710495 ,https://ifh.cc/g/Y6QdVQ.jpg ,블론드나인,크루넥 리브 니트 스웨터_브라운,Birds Brown,"XL,XXL","ws,wf",knit,21
https://store.musinsa.com/app/goods/2065638 ,https://ifh.cc/g/k4MzOV.jpg ,마크 곤잘레스,엔젤 클래식 니트 베스트 인디고 블루,midnight blue,XL,"cs,cw",knit,22
https://store.musinsa.com/app/goods/1548469 ,https://ifh.cc/g/iSL062.jpg ,쿠어,탑필 캐시미어 라운드 니트 (미드나잇블루),midnight blue,XL,"cs,cw",knit,23
https://store.musinsa.com/app/goods/1548444 ,https://ifh.cc/g/ZJniKF.jpg ,쿠어,탑필 울 라운드 니트 (그레이),Gray,XL,cw,knit,24
https://store.musinsa.com/app/goods/2068534 ,https://ifh.cc/g/QW2BoM.jpg ,매드마르스,캐시미어 울 블랜드 오버핏 니트_아이보리,Order of the Thistle,XXL,cw,knit,25
https://store.musinsa.com/app/goods/2011709 ,https://ifh.cc/g/Bnomii.jpg ,메종 키츠네,공용 트리컬러 폭스 패치 클래식 라운드 넥 니트 - 그레이,Bright gray,"L,XXL",cs,knit,26
https://store.musinsa.com/app/goods/2068533 ,https://ifh.cc/g/Cxvff3.jpg ,매드마르스,캐시미어 울 블랜드 오버핏 니트_블랙,Black,XXL,cw,knit,27
https://store.musinsa.com/app/goods/2039213 ,https://ifh.cc/g/7QnBh7.jpg ,빈폴 멘,[ESSENTIAL] Unisex 네이비 케이블 라운드넥,midnight blue,XXL,"cs,cw",knit,28
https://store.musinsa.com/app/goods/1548448 ,https://ifh.cc/g/nGpVWo.jpg ,쿠어,탑필 울 라운드 니트 (더스티그린),Dark sea green,"XL,XXL",ws,knit,29
https://store.musinsa.com/app/goods/1548487 ,https://ifh.cc/g/prTMw0.jpg ,쿠어,탑필 캐시미어 라운드 니트 (라이트그레이),Ghost White,XXL,cw,knit,30
https://store.musinsa.com/app/goods/2032985 ,https://ifh.cc/g/nGEJFN.jpg ,세터,이비자_네츄럴 메시드니트_네츄럴 그린,snow,XXL,cw,knit,31
