https://store.musinsa.com/app/goods/1557834,https://ifh.cc/g/1G2Q3p,마크 곤잘레스,이레귤러 스트라이프 롱슬리브 네이비,Dark Slate Gray,S,cw,longsleeve,1
https://store.musinsa.com/app/goods/1295235,https://ifh.cc/g/JQWmdg,노매뉴얼,R.D LONG SLEEVE TEE - BLACK,Black,S,cw,longsleeve,2
https://store.musinsa.com/app/goods/1778973,https://ifh.cc/g/XDy2kM,디스이즈네버댓,T-Logo L/SL Top Black (003),Black,S,cw,longsleeve,3
https://store.musinsa.com/app/goods/1861231,https://ifh.cc/g/8PDG1Y,아페쎄,Havard T-Shirt,dark gray,S,cs,longsleeve,4
https://store.musinsa.com/app/goods/1778979,https://ifh.cc/g/bZfSyt,디스이즈네버댓,T-Logo L/SL Top White (003),snow,S,cw,longsleeve,5
https://www.naver.com/,https://ifh.cc/g/lRvHxR,마크 곤잘레스,뉴 스트라이프 롱슬리브 퍼플,Lavender,S,cs,longsleeve,6
https://store.musinsa.com/app/goods/847182,https://ifh.cc/g/yvjJP1 ,바스틱,스탠다드 스트라이프 포켓 롱슬리브_블랙 / 화이트,Gainsboro,S,cs,longsleeve,7
https://store.musinsa.com/app/goods/2035972,https://ifh.cc/g/qQrRHs ,라코스테,공용 베이직 기본 티셔츠 TH807L-51N 70V,Dark Slate Gray,S,cw,longsleeve,8
https://store.musinsa.com/app/goods/1901892,https://ifh.cc/g/STC7eb,베이스레이어 하프터틀 티셔츠,제이미웨스트,Black,M,cw,longsleeve,9
https://www.naver.com/,https://ifh.cc/g/nOuVp7,커버낫,와펜 어센틱 로고 롱슬리브 피그먼트 차콜,a faint gray,M,cw,longsleeve,10
https://store.musinsa.com/app/goods/1847192,https://ifh.cc/g/VwQffU  ,쿠어,피그먼트 롱 슬리브 티셔츠 (다크그레이),a faint gray,M,cw,longsleeve,11
https://store.musinsa.com/app/goods/2041914,https://ifh.cc/g/SdYcVL ,캉골,클래식 스트라이프 L/S 티셔츠 3518 네이비,Reddish brown,"S,M,L",wf,longsleeve,12
https://www.naver.com/,https://ifh.cc/g/3w7igx ,디스이즈네버댓,Overdyed Raglan L/SL Top Charcoal,a faint gray,M,cw,longsleeve,13
https://www.naver.com/,https://ifh.cc/g/elc5ej ,호텔세리토스,Los Angeles Long Sleeve T-Shirt [White],White,M,cw,longsleeve,14
https://store.musinsa.com/app/goods/1789185,https://ifh.cc/g/HMnZqY ,엄브로,립스탑 포켓 피스테 크림 (UM121CWT24),White,M,cw,longsleeve,15
https://store.musinsa.com/app/goods/1878068,https://ifh.cc/g/0yfk9B ,디스이즈네버댓,ARC-INTL. L/SL Top Charcoal,a faint gray,M,cw,longsleeve,16
https://store.musinsa.com/app/goods/2036691,https://ifh.cc/g/HCE30H ,엄브로,아치 레터링 피스테 블랙 (UM321CWT83),Black,L,cw,longsleeve,17
https://www.naver.com/,https://ifh.cc/g/CBZyIF ,엄브로,아치 레터링 피스테 크림 (UM321CWT83),Antique White,"S,M,L","ws,wf",longsleeve,18
https://store.musinsa.com/app/goods/1772267,https://ifh.cc/g/U0ON7o ,마크 곤잘레스,플라워 드로잉 롱슬리브 화이트,white smoke,"L,XXL",cs,longsleeve,19
https://www.naver.com/,https://ifh.cc/g/xdqLDt ,칼하트,시그니쳐 롱슬리브 로고 긴팔티 블랙 / K231-BLACK,Black,L,cw,longsleeve,20
https://www.naver.com/,https://ifh.cc/g/CxoHvn  ,어피스오브케이크,HTT Longsleeve_Black,Black,L,cw,longsleeve,21
https://store.musinsa.com/app/goods/2026096,https://ifh.cc/g/JBnhfH ,엄브로,일루전 메쉬안감 피스테 브라운 (UM321CWT82),Dark Olive Green,"S,M,L",wf,longsleeve,22
https://www.naver.com/,https://ifh.cc/g/cfy6kN ,피지컬 에듀케이션 디파트먼트,PHYSICAL® CAMPING BEAR  LS NAVY,midnight blue,"L,XXL","cs,cw",longsleeve,23
https://store.musinsa.com/app/goods/2041084,https://ifh.cc/g/VYea52 ,코닥,에센셜 긴팔티셔츠 BLACK,Black,L,cw,longsleeve,24
https://www.naver.com/,https://ifh.cc/g/mthQDE  ,아르스 콘택트,롱슬리브 티셔츠(곤색),Black,XL,cw,longsleeve,25
https://www.naver.com/,https://ifh.cc/g/NEzKES ,내셔널지오그래픽,N211UTS902 세미 오버핏 와펜 긴팔 티셔츠 CARBON BLACK,Black,XL,cw,longsleeve,26
https://store.musinsa.com/app/goods/2041085,https://ifh.cc/g/xQ9pxy  ,코닥,에센셜 긴팔티셔츠 WHITE,White,XL,cw,longsleeve,27
https://www.naver.com/,https://ifh.cc/g/2gcRBv ,캉골,클래식 스트라이프 L/S 티셔츠 3518 블랙,Gainsboro,XL,cs,longsleeve,28
https://www.naver.com/,https://ifh.cc/g/LXfsru ,유니폼브릿지,stripe crew neck L/S tee blue,a faint gray,XL,cw,longsleeve,29
https://store.musinsa.com/app/goods/1325687,https://ifh.cc/g/muFaKN  ,골스튜디오,SSFC JERSEY SINGLE LONG SLEEVE - WHITE,White,XL,cw,longsleeve,30
https://store.musinsa.com/app/goods/1835836,https://ifh.cc/g/anAf7d ,커버낫,와펜 어센틱 로고 롱슬리브 더스티민트,Antique White,"XL,XXL","ws,wf",longsleeve,31
https://store.musinsa.com/app/goods/1835834,https://ifh.cc/g/ceHfq2 ,커버낫,와펜 어센틱 로고 롱슬리브 블랙,Black,XL,cw,longsleeve,32
https://store.musinsa.com/app/goods/2039148,https://ifh.cc/g/UCpP75 ,엠엘비,베이직 스몰로고 오버핏 긴팔 티셔츠 NY (Black),Black,XXL,cw,longsleeve,33
https://www.naver.com/,https://ifh.cc/g/C30qsm  ,디스이즈네버댓,Small T-Logo L/SL Top White,White,XXL,cw,longsleeve,34
https://store.musinsa.com/app/goods/1772266,https://ifh.cc/g/RgFdDn ,마크 곤잘레스,플라워 드로잉 롱슬리브 네이비,midnight blue,"L,XXL","cs,cw",longsleeve,35
https://www.naver.com/,https://ifh.cc/g/XCk0dm ,커버낫,와펜 어센틱 로고 롱슬리브 피그먼트 더스티블루,Slate Gray,XXL,cw,longsleeve,36
https://store.musinsa.com/app/goods/1825923,https://ifh.cc/g/oiDSNt,디스이즈네버댓,Onyx Striped L/SL Top Navy/Red,Dark Slate Gray,XXL,cw,longsleeve,37
https://store.musinsa.com/app/goods/1835198,https://ifh.cc/g/pYbivE ,마크 곤잘레스,이레귤러 스트라이프 롱슬리브 아이보리,rose brown,"XL,XXL","ws,wf",longsleeve,38
https://www.naver.com/,https://ifh.cc/g/c9p5Pz ,엘엠씨,LMC 3D CO LONG SLV TEE black,Black,XXL,cw,longsleeve,39
https://store.musinsa.com/app/goods/1795452,https://ifh.cc/g/mrRLRW ,이벳필드,EFF 베츠 포켓 롱슬리브 화이트,White,XXL,cw,longsleeve,40
https://store.musinsa.com/app/goods/1248490,https://ifh.cc/g/Dzhyfq,브론슨,올드타임 헨리넥 셔츠,Gainsboro,"L,XXL",cs,longsleeve,41
