https://store.musinsa.com/app/goods/1557658,https://ifh.cc/g/Vu8gcO        ,디스이즈네버댓,INTL. Logo Crewneck Black,Black,S,cw,mantoman,1
https://www.naver.com/,https://ifh.cc/g/akVHIX         ,마크 곤잘레스,스몰 엔젤 프린팅 크루넥 블랙,Black,S,cw,mantoman,2
https://www.naver.com/,https://ifh.cc/g/hQT3PC         ,마크 곤잘레스,스몰 엔젤 프린팅 크루넥 그레이,dark gray,S,cs,mantoman,3
https://store.musinsa.com/app/goods/1595528,https://ifh.cc/g/bOHE5O         ,예일,(BY P.E.DEPT) UNIVERSITY HANDSOME DAN CREWNECK NAVY,midnight blue,S,"cs,cw",mantoman,4
https://store.musinsa.com/app/goods/1679943,https://ifh.cc/g/q4UKR2         ,비바스튜디오,RETRIEVER CREWNECK KS [NAVY],midnight blue,S,"cs,cw",mantoman,5
https://www.naver.com/,https://ifh.cc/g/RbSLuh        ,씨피 컴퍼니,21SS CP 렌즈 얇은 맨투맨 그레이 10CMSS043A,Gray,S,cw,mantoman,6
https://store.musinsa.com/app/goods/1557508,https://ifh.cc/g/vy5ygP         ,이벳필드,EFF 베츠 맨투맨 그레이,Silver,S,cs,mantoman,7
https://store.musinsa.com/app/goods/1776164,https://ifh.cc/g/kVG0es         ,커버낫,빅 엠블럼 로고 맨투맨 네이비,Black,S,cw,mantoman,8
https://store.musinsa.com/app/goods/1160367,https://ifh.cc/g/itXvgQ       ,커버낫,부클 쿠퍼 로고 맨투맨 네이비,midnight blue,M,"cs,cw",mantoman,9
https://www.naver.com/,https://ifh.cc/g/THNy7Z         ,마크 곤잘레스,스몰 사인로고 와플 맨투맨 다크 그레이,a faint gray,M,cw,mantoman,10
https://www.naver.com/,https://ifh.cc/g/xQHSEL    ,마크 곤잘레스,볼륨 자수 크루넥 아이보리,Floral White,"S,M,L",ws,mantoman,11
https://store.musinsa.com/app/goods/1622711,https://ifh.cc/g/HGkFEt         ,디스이즈네버댓,INTL. Logo Crewneck Grey,Silver,M,cs,mantoman,12
https://www.naver.com/,https://ifh.cc/g/CkJblZ         ,나이키,NSW SPE 프렌치테리 맨투맨 DJ6915-814,Salmon,"S,M,L",wf,mantoman,13
https://store.musinsa.com/app/goods/1869101,https://ifh.cc/g/OZSwTO    ,코닥,엑타크롬 우븐 맨투맨 BLACK,Black,M,cw,mantoman,14
https://store.musinsa.com/app/goods/1559528,https://ifh.cc/g/Dqqf42         ,내셔널지오그래픽,N204USW950 폴리카터 스몰 로고 풀기모 맨투맨 티셔츠 CARBON BLACK,Black,M,cw,mantoman,15
https://store.musinsa.com/app/goods/1754297,https://ifh.cc/g/zOPJmG       ,커버낫,C 로고 맨투맨 크림,white smoke,M,cs,mantoman,16
https://store.musinsa.com/app/goods/1778940,https://ifh.cc/g/feL1Gx         ,디스이즈네버댓,ARC-Logo Jacquard Sweater Blue,Corn Flower Blue,L,cw,mantoman,17
https://www.naver.com/,https://ifh.cc/g/RXzBHU         ,마크 곤잘레스,부클 빅사인로고 맨투맨 아이보리,white smoke,"L,XXL",cs,mantoman,18
https://www.naver.com/,https://ifh.cc/g/adRd6G         ,마크 곤잘레스,젤리엔젤 맨투맨 오트밀,Gainsboro,"L,XXL",cs,mantoman,19
https://store.musinsa.com/app/goods/1742431,https://ifh.cc/g/UuOwvC         ,마크 곤잘레스,사인 로고 맨투맨 올리브,Dark Olive Green,"S,M,L",wf,mantoman,20
https://store.musinsa.com/app/goods/1855857,https://ifh.cc/g/RieZYy    ,리,미주리 아치 크루넥 네이비,the senior service,L,"cs,cw",mantoman,21
https://store.musinsa.com/app/goods/1803469,https://ifh.cc/g/VrW9dj         ,코닥,케이 우븐 맨투맨 BEIGE,Linen,"S,M,L",ws,mantoman,22
https://store.musinsa.com/app/goods/1762232,https://ifh.cc/g/nT75qU  ,토마스모어, ts1104 사커스웨트-올리버,Sea green,L,cw,mantoman,23
https://www.naver.com/,https://image.msscdn.net/images/goods_img/20210118/1752779/1752779_2_220.jpg,리,스몰 부클 빈티지로고 크루넥 네이비,midnight blue,"L,XXL","cs,cw",mantoman,24
https://www.naver.com/,https://ifh.cc/g/PYGNQy         ,스컬프터,90’s Logo Sweatshirts Washed Charcoal,Dark Slate Gray,L,cw,mantoman,25
https://www.naver.com/,https://ifh.cc/g/lZM15p         ,에이징씨씨씨,드롭숄더 배드베어 맨투맨 네이비 598,midnight blue,XL,"cs,cw",mantoman,26
https://store.musinsa.com/app/goods/1786612,https://ifh.cc/g/evUicr        ,코닥,메일러 워싱 맨투맨 CHARCOAL,Black,XL,cw,mantoman,27
https://store.musinsa.com/app/goods/1855859,https://ifh.cc/g/JSWFWA         ,리,미주리 아치 크루넥 오트밀,Linen,"XL,XXL",ws,mantoman,28
https://www.naver.com/,https://ifh.cc/g/5pwkiW     ,마크 곤잘레스,시리얼 사인로고 맨투맨 네이비,midnight blue,XL,"cs,cw",mantoman,29
https://store.musinsa.com/app/goods/956939,https://ifh.cc/g/uRsqmx         ,유니폼브릿지,1960 sweatshirts navy,midnight blue,XL,"cs,cw",mantoman,30
https://www.naver.com/,https://ifh.cc/g/h6P4lp ,엠엠엘지,[Mmlg] 1987 EMB. SWEAT (OATMEAL),Silver,XL,cs,mantoman,31
https://store.musinsa.com/app/goods/1557509,https://ifh.cc/g/yIlYvV       ,이벳필드,EFF 베츠 맨투맨 블랙,Black,XL,cw,mantoman,32
https://store.musinsa.com/app/goods/1695385,https://ifh.cc/g/LGFHL0       ,마크 곤잘레스,더블 엔젤 와펜 맨투맨 블랙,Black,XXL,cw,mantoman,33
https://www.naver.com/,https://ifh.cc/g/tSRddx      ,마크 곤잘레스,엠블럼 아치로고 맨투맨 레드브라운,a fire brick,"XL,XXL",wf,mantoman,34
https://www.naver.com/,https://ifh.cc/g/88xjUr    ,엠엠엘지,[Mmlg] MMLG SWEAT (MELANGE BLUE),Light Slate Gray,XXL,cw,mantoman,35
https://www.naver.com/,https://ifh.cc/g/3d0ujX    ,호텔세리토스,Los Angeles Sweat-shirt [DarkGreen],Dark Slate Gray,XXL,cw,mantoman,36
https://www.naver.com/,https://ifh.cc/g/HO5lJi    ,아웃스탠딩,V.S.C SWEAT (WHATS UP)_3%MELANGE GRAY,Silver,"L,XXL",cs,mantoman,37
https://www.naver.com/,https://ifh.cc/g/gu25ia         ,마크 곤잘레스,젤리엔젤 맨투맨 블랙,Black,XXL,cw,mantoman,38
https://store.musinsa.com/app/goods/1536398,https://ifh.cc/g/mUZUGw         ,파르티멘토,[처비][미들 테리] 스트링 스웨트셔츠 차콜,a faint gray,XXL,cw,mantoman,39
https://store.musinsa.com/app/goods/1855858,https://ifh.cc/g/9y0emt   ,리,미주리 아치 크루넥 그레이,dark gray,"L,XXL",cs,mantoman,40
https://store.musinsa.com/app/goods/1582536,https://ifh.cc/g/mYEYAj         ,디스이즈네버댓,T-Logo Crewneck Black (003),Black,XXL,cw,mantoman,41
https://www.naver.com/,https://ifh.cc/g/Uc1rFO    ,엠엘비,베이직 스몰로고 컴포트핏 맨투맨 (셋업) NY (Black),Black,XXL,cw,mantoman,42
https://www.naver.com/,https://ifh.cc/g/uMVh4B  ,코닥,레인보우 자수 로고 맨투맨 IVORY,Old Race,"XL,XXL",ws,mantoman,43
