https://store.musinsa.com/app/goods/1935180,https://ifh.cc/g/idO4eK.jpg,라퍼지스토어,시티보이 빅오버 옥스포드 반팔 셔츠_Sky Blue,Light Steel Blue,S,cs,shirt,1
https://store.musinsa.com/app/goods/1935174,https://ifh.cc/g/QSxf1y.jpg,라퍼지스토어,시티보이 빅오버 옥스포드 반팔 셔츠_White,white smoke,S,cs,shirt,2
https://store.musinsa.com/app/goods/1776344,https://ifh.cc/g/mjJlZc.jpg,예일,STRIPE HANDSOME DAN SHIRT BLUE,Deep sky blue,S,cs,shirt,3
https://store.musinsa.com/app/goods/1935179,https://ifh.cc/g/IIjux3.jpg,라퍼지스토어,시티보이 빅오버 옥스포드 반팔 셔츠_Ash Gray,Silver,S,cs,shirt,4
https://store.musinsa.com/app/goods/2037641,https://ifh.cc/g/Iu00BZ.jpg,라퍼지스토어,시티보이 빅오버 옥스포드 스트라이프 셔츠_Brown Stripe,dark gray,S,cs,shirt,5
https://store.musinsa.com/app/goods/1917349,https://ifh.cc/g/j7HKc1.jpg,예일,EMBROIDERY HANDSOME DAN SS SHIRT IVORY,Linen,"S,M,L",ws,shirt,6
https://store.musinsa.com/app/goods/1790970,https://ifh.cc/g/6vQy3I.jpg,에스피오나지,Oxford Over Shirts Blue,Light Steel Blue,M,cs,shirt,7
https://store.musinsa.com/app/goods/1980625,https://ifh.cc/g/r1Fiux.jpg,아르반,COASA 오버핏 하프 셔츠_화이트,White,M,cw,shirt,8
https://store.musinsa.com/app/goods/1956685,https://ifh.cc/g/7EdY7K.jpg,라퍼지스토어,린넨 샴브레이 프렌치 셔츠_Sky Blue,Light Steel Blue,M,cs,shirt,9
https://store.musinsa.com/app/goods/1921510,https://ifh.cc/g/bMCghz.jpg,라퍼지스토어,시티보이 빅 오버 셔츠_Sky Blue Stripe,Alice Blue,M,cw,shirt,10
https://store.musinsa.com/app/goods/1790971,https://ifh.cc/g/gAA1uV.jpg,에스피오나지,Oxford Over Shirts White,White,M,cw,shirt,12
https://store.musinsa.com/app/goods/1906833,https://ifh.cc/g/JJHokD.jpg,유니폼브릿지,oxford bd short shirts white,White,L,cw,shirt,13
https://store.musinsa.com/app/goods/1956612,https://ifh.cc/g/MdTaQz.jpg,라퍼지스토어,시티보이 빅오버 린넨 셔츠_Oatmeal,beige,"S,M,L","ws,wf",shirt,14
https://store.musinsa.com/app/goods/859956,https://ifh.cc/g/sbx56D.jpg,플러프 무드 체크 셔츠 S24 네이비,다이아몬드 레이라,midnight blue,"L,XXL","cs,cw",shirt,15
https://store.musinsa.com/app/goods/1917354,https://ifh.cc/g/WRPnWv.jpg,예일,EMBROIDERY HANDSOME DAN SS SHIRT WHITE,White,L,cw,shirt,17
https://store.musinsa.com/app/goods/1959751,https://ifh.cc/g/861CWU.jpg,에스피오나지,Rat Oxford S/S Over Shirts Blue Stripe,Light Steel Blue,XL,cs,shirt,19
https://store.musinsa.com/app/goods/1762134,https://ifh.cc/g/TARK7n.jpg,토마스모어,sh1101 옥스포드셔츠-그레이블루,skyblue,XL,cs,shirt,21
https://store.musinsa.com/app/goods/2000613,https://ifh.cc/g/W5YVdj.jpg,커버낫,오버핏 C 로고 와펜 옥스포드 하프셔츠 화이트,White,XL,cw,shirt,23
https://store.musinsa.com/app/goods/1917347,https://ifh.cc/g/QSilsv.jpg,예일,EMBROIDERY HANDSOME DAN SS SHIRT NAVY,midnight blue,XL,"cs,cw",shirt,24
https://store.musinsa.com/app/goods/1935058,https://ifh.cc/g/IIzJSf.jpg,라퍼지스토어,시티보이 빅오버 옥스포드 반팔 셔츠_Sky Blue Stripe,Alice Blue,XXL,cw,shirt,25
https://store.musinsa.com/app/goods/1917351,https://ifh.cc/g/gPUmQJ.jpg,예일,EMBROIDERY HANDSOME DAN SS SHIRT BLUE,Light Steel Blue,"L,XXL",cs,shirt,26
https://www.naver.com/,https://ifh.cc/g/RFMIuS.jpg,커버낫,오버핏 C 로고 와펜 옥스포드 하프셔츠 블루,Alice Blue,XXL,cw,shirt,27
https://www.naver.com/,https://ifh.cc/g/LDO6Em.jpg,예일,LIGHT OXFORD HANDSOME DAN SHIRT WHITE,White,XXL,cw,shirt,28
https://store.musinsa.com/app/goods/1116117,https://ifh.cc/g/qDagdt.jpg,다이아몬드 레이라,클래식 화이트 셔츠 S40,White,XXL,cw,shirt,29
https://store.musinsa.com/app/goods/826451,https://ifh.cc/g/fm0i1R.jpg,다이아몬드 레이라,빈티지 블랙 도트 스트라이프 셔츠 S22,beige,"XL,XXL","ws,wf",shirt,30
